app,quarter,driver,share_pct,points_lost
blinkit,2025Q1,late_delivery,2.7,0.424
blinkit,2025Q1,missing_or_wrong_items,7.5,1.178
blinkit,2025Q1,quality_freshness,8.9,1.398
blinkit,2025Q1,fees_and_prices,21.1,3.314
blinkit,2025Q1,refunds_returns,8.4,1.319
blinkit,2025Q1,customer_support,8.5,1.335
blinkit,2025Q1,app_payment_bugs,14.2,2.23
blinkit,2025Q1,out_of_stock,18.1,2.843
blinkit,2025Q1,other,4.8,0.754
blinkit,2025Q1,no_complaint,5.8,0.911
blinkit,2025Q2,late_delivery,7.6,1.361
blinkit,2025Q2,missing_or_wrong_items,8.9,1.593
blinkit,2025Q2,quality_freshness,14.3,2.56
blinkit,2025Q2,fees_and_prices,18.8,3.366
blinkit,2025Q2,refunds_returns,6.9,1.235
blinkit,2025Q2,customer_support,11.4,2.041
blinkit,2025Q2,app_payment_bugs,12.0,2.148
blinkit,2025Q2,out_of_stock,10.0,1.79
blinkit,2025Q2,other,3.8,0.68
blinkit,2025Q2,no_complaint,6.3,1.128
blinkit,2025Q3,late_delivery,11.9,1.927
blinkit,2025Q3,missing_or_wrong_items,8.3,1.344
blinkit,2025Q3,quality_freshness,13.4,2.17
blinkit,2025Q3,fees_and_prices,19.4,3.142
blinkit,2025Q3,refunds_returns,7.1,1.15
blinkit,2025Q3,customer_support,12.9,2.089
blinkit,2025Q3,app_payment_bugs,8.8,1.425
blinkit,2025Q3,out_of_stock,7.0,1.134
blinkit,2025Q3,other,3.8,0.615
blinkit,2025Q3,no_complaint,7.4,1.199
blinkit,2025Q4,late_delivery,11.2,1.723
blinkit,2025Q4,missing_or_wrong_items,7.6,1.169
blinkit,2025Q4,quality_freshness,11.5,1.769
blinkit,2025Q4,fees_and_prices,20.7,3.184
blinkit,2025Q4,refunds_returns,7.9,1.215
blinkit,2025Q4,customer_support,11.0,1.692
blinkit,2025Q4,app_payment_bugs,11.5,1.769
blinkit,2025Q4,out_of_stock,5.9,0.907
blinkit,2025Q4,other,4.1,0.631
blinkit,2025Q4,no_complaint,8.6,1.323
blinkit,2026Q1,late_delivery,12.2,1.78
blinkit,2026Q1,missing_or_wrong_items,7.5,1.094
blinkit,2026Q1,quality_freshness,12.2,1.78
blinkit,2026Q1,fees_and_prices,23.0,3.355
blinkit,2026Q1,refunds_returns,7.4,1.079
blinkit,2026Q1,customer_support,10.4,1.517
blinkit,2026Q1,app_payment_bugs,9.6,1.4
blinkit,2026Q1,out_of_stock,4.9,0.715
blinkit,2026Q1,other,4.4,0.642
blinkit,2026Q1,no_complaint,8.4,1.225
blinkit,2026Q2,late_delivery,11.9,1.942
blinkit,2026Q2,missing_or_wrong_items,7.4,1.208
blinkit,2026Q2,quality_freshness,13.3,2.171
blinkit,2026Q2,fees_and_prices,20.1,3.281
blinkit,2026Q2,refunds_returns,8.9,1.453
blinkit,2026Q2,customer_support,12.5,2.04
blinkit,2026Q2,app_payment_bugs,9.9,1.616
blinkit,2026Q2,out_of_stock,4.2,0.686
blinkit,2026Q2,other,3.8,0.62
blinkit,2026Q2,no_complaint,8.0,1.306
blinkit,2026Q3,late_delivery,10.3,1.576
blinkit,2026Q3,missing_or_wrong_items,8.6,1.316
blinkit,2026Q3,quality_freshness,13.2,2.02
blinkit,2026Q3,fees_and_prices,20.8,3.183
blinkit,2026Q3,refunds_returns,8.8,1.347
blinkit,2026Q3,customer_support,12.1,1.852
blinkit,2026Q3,app_payment_bugs,8.9,1.362
blinkit,2026Q3,out_of_stock,5.0,0.765
blinkit,2026Q3,other,3.7,0.566
blinkit,2026Q3,no_complaint,8.6,1.316
instamart,2025Q1,late_delivery,7.6,1.208
instamart,2025Q1,missing_or_wrong_items,6.8,1.081
instamart,2025Q1,quality_freshness,6.5,1.034
instamart,2025Q1,fees_and_prices,24.9,3.959
instamart,2025Q1,refunds_returns,5.4,0.859
instamart,2025Q1,customer_support,5.0,0.795
instamart,2025Q1,app_payment_bugs,8.6,1.367
instamart,2025Q1,out_of_stock,23.0,3.657
instamart,2025Q1,other,3.6,0.572
instamart,2025Q1,no_complaint,8.6,1.367
instamart,2025Q2,late_delivery,9.9,1.571
instamart,2025Q2,missing_or_wrong_items,7.9,1.254
instamart,2025Q2,quality_freshness,12.6,2.0
instamart,2025Q2,fees_and_prices,22.0,3.492
instamart,2025Q2,refunds_returns,5.0,0.794
instamart,2025Q2,customer_support,5.9,0.936
instamart,2025Q2,app_payment_bugs,9.2,1.46
instamart,2025Q2,out_of_stock,14.9,2.365
instamart,2025Q2,other,2.8,0.444
instamart,2025Q2,no_complaint,9.8,1.556
instamart,2025Q3,late_delivery,7.9,1.231
instamart,2025Q3,missing_or_wrong_items,9.3,1.45
instamart,2025Q3,quality_freshness,10.9,1.699
instamart,2025Q3,fees_and_prices,23.0,3.585
instamart,2025Q3,refunds_returns,7.5,1.169
instamart,2025Q3,customer_support,7.0,1.091
instamart,2025Q3,app_payment_bugs,8.1,1.263
instamart,2025Q3,out_of_stock,13.5,2.104
instamart,2025Q3,other,3.3,0.514
instamart,2025Q3,no_complaint,9.5,1.481
instamart,2025Q4,late_delivery,11.0,1.498
instamart,2025Q4,missing_or_wrong_items,8.8,1.198
instamart,2025Q4,quality_freshness,8.1,1.103
instamart,2025Q4,fees_and_prices,22.4,3.05
instamart,2025Q4,refunds_returns,9.6,1.307
instamart,2025Q4,customer_support,7.2,0.98
instamart,2025Q4,app_payment_bugs,7.9,1.076
instamart,2025Q4,out_of_stock,10.8,1.471
instamart,2025Q4,other,5.0,0.681
instamart,2025Q4,no_complaint,9.2,1.253
instamart,2026Q1,late_delivery,8.4,1.138
instamart,2026Q1,missing_or_wrong_items,9.2,1.247
instamart,2026Q1,quality_freshness,9.5,1.287
instamart,2026Q1,fees_and_prices,24.7,3.347
instamart,2026Q1,refunds_returns,7.1,0.962
instamart,2026Q1,customer_support,6.6,0.894
instamart,2026Q1,app_payment_bugs,10.4,1.409
instamart,2026Q1,out_of_stock,9.2,1.247
instamart,2026Q1,other,5.0,0.678
instamart,2026Q1,no_complaint,9.9,1.342
instamart,2026Q2,late_delivery,6.2,1.142
instamart,2026Q2,missing_or_wrong_items,11.4,2.1
instamart,2026Q2,quality_freshness,10.7,1.971
instamart,2026Q2,fees_and_prices,29.1,5.361
instamart,2026Q2,refunds_returns,7.0,1.29
instamart,2026Q2,customer_support,7.3,1.345
instamart,2026Q2,app_payment_bugs,9.2,1.695
instamart,2026Q2,out_of_stock,8.0,1.474
instamart,2026Q2,other,3.2,0.59
instamart,2026Q2,no_complaint,7.9,1.456
instamart,2026Q3,late_delivery,5.9,0.953
instamart,2026Q3,missing_or_wrong_items,12.5,2.02
instamart,2026Q3,quality_freshness,12.7,2.052
instamart,2026Q3,fees_and_prices,26.1,4.218
instamart,2026Q3,refunds_returns,10.4,1.681
instamart,2026Q3,customer_support,7.4,1.196
instamart,2026Q3,app_payment_bugs,9.4,1.519
instamart,2026Q3,out_of_stock,5.0,0.808
instamart,2026Q3,other,3.1,0.501
instamart,2026Q3,no_complaint,7.5,1.212
zepto,2025Q1,late_delivery,2.2,0.655
zepto,2025Q1,missing_or_wrong_items,3.8,1.132
zepto,2025Q1,quality_freshness,3.1,0.924
zepto,2025Q1,fees_and_prices,68.1,20.288
zepto,2025Q1,refunds_returns,2.0,0.596
zepto,2025Q1,customer_support,3.7,1.102
zepto,2025Q1,app_payment_bugs,6.1,1.817
zepto,2025Q1,out_of_stock,4.9,1.46
zepto,2025Q1,other,2.0,0.596
zepto,2025Q1,no_complaint,4.1,1.221
zepto,2025Q2,late_delivery,4.5,1.874
zepto,2025Q2,missing_or_wrong_items,4.9,2.041
zepto,2025Q2,quality_freshness,6.9,2.874
zepto,2025Q2,fees_and_prices,58.9,24.532
zepto,2025Q2,refunds_returns,2.2,0.916
zepto,2025Q2,customer_support,5.7,2.374
zepto,2025Q2,app_payment_bugs,4.5,1.874
zepto,2025Q2,out_of_stock,3.4,1.416
zepto,2025Q2,other,1.9,0.791
zepto,2025Q2,no_complaint,7.1,2.957
zepto,2025Q3,late_delivery,5.2,1.627
zepto,2025Q3,missing_or_wrong_items,6.2,1.94
zepto,2025Q3,quality_freshness,8.6,2.691
zepto,2025Q3,fees_and_prices,46.2,14.459
zepto,2025Q3,refunds_returns,3.2,1.001
zepto,2025Q3,customer_support,5.7,1.784
zepto,2025Q3,app_payment_bugs,8.3,2.598
zepto,2025Q3,out_of_stock,5.1,1.596
zepto,2025Q3,other,4.6,1.44
zepto,2025Q3,no_complaint,6.9,2.159
zepto,2025Q4,late_delivery,10.5,2.681
zepto,2025Q4,missing_or_wrong_items,7.6,1.94
zepto,2025Q4,quality_freshness,11.0,2.808
zepto,2025Q4,fees_and_prices,21.0,5.361
zepto,2025Q4,refunds_returns,8.9,2.272
zepto,2025Q4,customer_support,10.8,2.757
zepto,2025Q4,app_payment_bugs,9.9,2.527
zepto,2025Q4,out_of_stock,6.6,1.685
zepto,2025Q4,other,6.6,1.685
zepto,2025Q4,no_complaint,7.1,1.813
zepto,2026Q1,late_delivery,15.2,5.203
zepto,2026Q1,missing_or_wrong_items,12.2,4.176
zepto,2026Q1,quality_freshness,16.0,5.477
zepto,2026Q1,fees_and_prices,5.6,1.917
zepto,2026Q1,refunds_returns,10.0,3.423
zepto,2026Q1,customer_support,15.4,5.272
zepto,2026Q1,app_payment_bugs,9.2,3.149
zepto,2026Q1,out_of_stock,4.5,1.54
zepto,2026Q1,other,4.8,1.643
zepto,2026Q1,no_complaint,7.1,2.43
zepto,2026Q2,late_delivery,17.1,7.278
zepto,2026Q2,missing_or_wrong_items,10.9,4.639
zepto,2026Q2,quality_freshness,22.4,9.534
zepto,2026Q2,fees_and_prices,5.4,2.298
zepto,2026Q2,refunds_returns,8.3,3.533
zepto,2026Q2,customer_support,14.1,6.001
zepto,2026Q2,app_payment_bugs,8.3,3.533
zepto,2026Q2,out_of_stock,3.1,1.319
zepto,2026Q2,other,5.1,2.171
zepto,2026Q2,no_complaint,5.3,2.256
zepto,2026Q3,late_delivery,8.2,3.103
zepto,2026Q3,missing_or_wrong_items,15.0,5.676
zepto,2026Q3,quality_freshness,21.1,7.984
zepto,2026Q3,fees_and_prices,8.6,3.254
zepto,2026Q3,refunds_returns,10.8,4.086
zepto,2026Q3,customer_support,14.2,5.373
zepto,2026Q3,app_payment_bugs,7.8,2.951
zepto,2026Q3,out_of_stock,3.3,1.249
zepto,2026Q3,other,5.0,1.892
zepto,2026Q3,no_complaint,6.0,2.27
blinkit,2025Q1,too_short_to_tell,,2.83
blinkit,2025Q2,too_short_to_tell,,3.402
blinkit,2025Q3,too_short_to_tell,,4.878
blinkit,2025Q4,too_short_to_tell,,6.924
blinkit,2026Q1,too_short_to_tell,,7.067
blinkit,2026Q2,too_short_to_tell,,7.181
blinkit,2026Q3,too_short_to_tell,,7.072
instamart,2025Q1,too_short_to_tell,,7.242
instamart,2025Q2,too_short_to_tell,,6.697
instamart,2025Q3,too_short_to_tell,,6.948
instamart,2025Q4,too_short_to_tell,,7.016
instamart,2026Q1,too_short_to_tell,,7.183
instamart,2026Q2,too_short_to_tell,,7.385
instamart,2026Q3,too_short_to_tell,,6.686
zepto,2025Q1,too_short_to_tell,,3.354
zepto,2025Q2,too_short_to_tell,,5.135
zepto,2025Q3,too_short_to_tell,,5.742
zepto,2025Q4,too_short_to_tell,,4.63
zepto,2026Q1,too_short_to_tell,,5.063
zepto,2026Q2,too_short_to_tell,,5.095
zepto,2026Q3,too_short_to_tell,,4.818
