app,month,driver,tagged
blinkit,2025-01-01,app_payment_bugs,45
blinkit,2025-01-01,customer_support,35
blinkit,2025-01-01,fees_and_prices,63
blinkit,2025-01-01,late_delivery,9
blinkit,2025-01-01,missing_or_wrong_items,22
blinkit,2025-01-01,no_complaint,19
blinkit,2025-01-01,other,10
blinkit,2025-01-01,out_of_stock,68
blinkit,2025-01-01,quality_freshness,27
blinkit,2025-01-01,refunds_returns,23
blinkit,2025-02-01,app_payment_bugs,44
blinkit,2025-02-01,customer_support,27
blinkit,2025-02-01,fees_and_prices,68
blinkit,2025-02-01,late_delivery,9
blinkit,2025-02-01,missing_or_wrong_items,26
blinkit,2025-02-01,no_complaint,18
blinkit,2025-02-01,other,18
blinkit,2025-02-01,out_of_stock,59
blinkit,2025-02-01,quality_freshness,27
blinkit,2025-02-01,refunds_returns,30
blinkit,2025-03-01,app_payment_bugs,53
blinkit,2025-03-01,customer_support,23
blinkit,2025-03-01,fees_and_prices,80
blinkit,2025-03-01,late_delivery,9
blinkit,2025-03-01,missing_or_wrong_items,27
blinkit,2025-03-01,no_complaint,21
blinkit,2025-03-01,other,20
blinkit,2025-03-01,out_of_stock,54
blinkit,2025-03-01,quality_freshness,35
blinkit,2025-03-01,refunds_returns,31
blinkit,2025-04-01,app_payment_bugs,31
blinkit,2025-04-01,customer_support,24
blinkit,2025-04-01,fees_and_prices,54
blinkit,2025-04-01,late_delivery,11
blinkit,2025-04-01,missing_or_wrong_items,20
blinkit,2025-04-01,no_complaint,13
blinkit,2025-04-01,other,9
blinkit,2025-04-01,out_of_stock,34
blinkit,2025-04-01,quality_freshness,28
blinkit,2025-04-01,refunds_returns,15
blinkit,2025-05-01,app_payment_bugs,46
blinkit,2025-05-01,customer_support,53
blinkit,2025-05-01,fees_and_prices,79
blinkit,2025-05-01,late_delivery,43
blinkit,2025-05-01,missing_or_wrong_items,35
blinkit,2025-05-01,no_complaint,24
blinkit,2025-05-01,other,16
blinkit,2025-05-01,out_of_stock,32
blinkit,2025-05-01,quality_freshness,66
blinkit,2025-05-01,refunds_returns,26
blinkit,2025-06-01,app_payment_bugs,43
blinkit,2025-06-01,customer_support,37
blinkit,2025-06-01,fees_and_prices,55
blinkit,2025-06-01,late_delivery,22
blinkit,2025-06-01,missing_or_wrong_items,34
blinkit,2025-06-01,no_complaint,26
blinkit,2025-06-01,other,13
blinkit,2025-06-01,out_of_stock,34
blinkit,2025-06-01,quality_freshness,49
blinkit,2025-06-01,refunds_returns,28
blinkit,2025-07-01,app_payment_bugs,34
blinkit,2025-07-01,customer_support,40
blinkit,2025-07-01,fees_and_prices,54
blinkit,2025-07-01,late_delivery,30
blinkit,2025-07-01,missing_or_wrong_items,31
blinkit,2025-07-01,no_complaint,17
blinkit,2025-07-01,other,8
blinkit,2025-07-01,out_of_stock,18
blinkit,2025-07-01,quality_freshness,50
blinkit,2025-07-01,refunds_returns,21
blinkit,2025-08-01,app_payment_bugs,25
blinkit,2025-08-01,customer_support,43
blinkit,2025-08-01,fees_and_prices,68
blinkit,2025-08-01,late_delivery,45
blinkit,2025-08-01,missing_or_wrong_items,30
blinkit,2025-08-01,no_complaint,34
blinkit,2025-08-01,other,17
blinkit,2025-08-01,out_of_stock,22
blinkit,2025-08-01,quality_freshness,46
blinkit,2025-08-01,refunds_returns,24
blinkit,2025-09-01,app_payment_bugs,29
blinkit,2025-09-01,customer_support,46
blinkit,2025-09-01,fees_and_prices,72
blinkit,2025-09-01,late_delivery,44
blinkit,2025-09-01,missing_or_wrong_items,22
blinkit,2025-09-01,no_complaint,23
blinkit,2025-09-01,other,13
blinkit,2025-09-01,out_of_stock,30
blinkit,2025-09-01,quality_freshness,38
blinkit,2025-09-01,refunds_returns,26
blinkit,2025-10-01,app_payment_bugs,62
blinkit,2025-10-01,customer_support,51
blinkit,2025-10-01,fees_and_prices,88
blinkit,2025-10-01,late_delivery,59
blinkit,2025-10-01,missing_or_wrong_items,27
blinkit,2025-10-01,no_complaint,36
blinkit,2025-10-01,other,12
blinkit,2025-10-01,out_of_stock,27
blinkit,2025-10-01,quality_freshness,49
blinkit,2025-10-01,refunds_returns,31
blinkit,2025-11-01,app_payment_bugs,26
blinkit,2025-11-01,customer_support,30
blinkit,2025-11-01,fees_and_prices,74
blinkit,2025-11-01,late_delivery,25
blinkit,2025-11-01,missing_or_wrong_items,25
blinkit,2025-11-01,no_complaint,25
blinkit,2025-11-01,other,15
blinkit,2025-11-01,out_of_stock,16
blinkit,2025-11-01,quality_freshness,35
blinkit,2025-11-01,refunds_returns,20
blinkit,2025-12-01,app_payment_bugs,27
blinkit,2025-12-01,customer_support,29
blinkit,2025-12-01,fees_and_prices,45
blinkit,2025-12-01,late_delivery,28
blinkit,2025-12-01,missing_or_wrong_items,24
blinkit,2025-12-01,no_complaint,25
blinkit,2025-12-01,other,14
blinkit,2025-12-01,out_of_stock,16
blinkit,2025-12-01,quality_freshness,31
blinkit,2025-12-01,refunds_returns,28
blinkit,2026-01-01,app_payment_bugs,22
blinkit,2026-01-01,customer_support,21
blinkit,2026-01-01,fees_and_prices,53
blinkit,2026-01-01,late_delivery,30
blinkit,2026-01-01,missing_or_wrong_items,20
blinkit,2026-01-01,no_complaint,29
blinkit,2026-01-01,other,17
blinkit,2026-01-01,out_of_stock,17
blinkit,2026-01-01,quality_freshness,36
blinkit,2026-01-01,refunds_returns,22
blinkit,2026-02-01,app_payment_bugs,27
blinkit,2026-02-01,customer_support,37
blinkit,2026-02-01,fees_and_prices,77
blinkit,2026-02-01,late_delivery,31
blinkit,2026-02-01,missing_or_wrong_items,23
blinkit,2026-02-01,no_complaint,19
blinkit,2026-02-01,other,16
blinkit,2026-02-01,out_of_stock,15
blinkit,2026-02-01,quality_freshness,27
blinkit,2026-02-01,refunds_returns,28
blinkit,2026-03-01,app_payment_bugs,47
blinkit,2026-03-01,customer_support,46
blinkit,2026-03-01,fees_and_prices,100
blinkit,2026-03-01,late_delivery,61
blinkit,2026-03-01,missing_or_wrong_items,32
blinkit,2026-03-01,no_complaint,36
blinkit,2026-03-01,other,11
blinkit,2026-03-01,out_of_stock,17
blinkit,2026-03-01,quality_freshness,59
blinkit,2026-03-01,refunds_returns,24
blinkit,2026-04-01,app_payment_bugs,28
blinkit,2026-04-01,customer_support,38
blinkit,2026-04-01,fees_and_prices,57
blinkit,2026-04-01,late_delivery,40
blinkit,2026-04-01,missing_or_wrong_items,26
blinkit,2026-04-01,no_complaint,23
blinkit,2026-04-01,other,11
blinkit,2026-04-01,out_of_stock,11
blinkit,2026-04-01,quality_freshness,36
blinkit,2026-04-01,refunds_returns,24
blinkit,2026-05-01,app_payment_bugs,38
blinkit,2026-05-01,customer_support,44
blinkit,2026-05-01,fees_and_prices,86
blinkit,2026-05-01,late_delivery,45
blinkit,2026-05-01,missing_or_wrong_items,20
blinkit,2026-05-01,no_complaint,25
blinkit,2026-05-01,other,14
blinkit,2026-05-01,out_of_stock,20
blinkit,2026-05-01,quality_freshness,47
blinkit,2026-05-01,refunds_returns,28
blinkit,2026-06-01,app_payment_bugs,33
blinkit,2026-06-01,customer_support,43
blinkit,2026-06-01,fees_and_prices,58
blinkit,2026-06-01,late_delivery,34
blinkit,2026-06-01,missing_or_wrong_items,28
blinkit,2026-06-01,no_complaint,32
blinkit,2026-06-01,other,13
blinkit,2026-06-01,out_of_stock,11
blinkit,2026-06-01,quality_freshness,50
blinkit,2026-06-01,refunds_returns,37
blinkit,2026-07-01,app_payment_bugs,28
blinkit,2026-07-01,customer_support,34
blinkit,2026-07-01,fees_and_prices,58
blinkit,2026-07-01,late_delivery,29
blinkit,2026-07-01,missing_or_wrong_items,25
blinkit,2026-07-01,no_complaint,27
blinkit,2026-07-01,other,8
blinkit,2026-07-01,out_of_stock,17
blinkit,2026-07-01,quality_freshness,45
blinkit,2026-07-01,refunds_returns,25
blinkit,2026-08-01,app_payment_bugs,29
blinkit,2026-08-01,customer_support,48
blinkit,2026-08-01,fees_and_prices,76
blinkit,2026-08-01,late_delivery,38
blinkit,2026-08-01,missing_or_wrong_items,28
blinkit,2026-08-01,no_complaint,39
blinkit,2026-08-01,other,19
blinkit,2026-08-01,out_of_stock,12
blinkit,2026-08-01,quality_freshness,51
blinkit,2026-08-01,refunds_returns,28
blinkit,2026-09-01,app_payment_bugs,32
blinkit,2026-09-01,customer_support,39
blinkit,2026-09-01,fees_and_prices,74
blinkit,2026-09-01,late_delivery,36
blinkit,2026-09-01,missing_or_wrong_items,33
blinkit,2026-09-01,no_complaint,20
blinkit,2026-09-01,other,10
blinkit,2026-09-01,out_of_stock,21
blinkit,2026-09-01,quality_freshness,36
blinkit,2026-09-01,refunds_returns,35
instamart,2025-01-01,app_payment_bugs,8
instamart,2025-01-01,customer_support,5
instamart,2025-01-01,fees_and_prices,25
instamart,2025-01-01,late_delivery,5
instamart,2025-01-01,missing_or_wrong_items,2
instamart,2025-01-01,no_complaint,8
instamart,2025-01-01,other,3
instamart,2025-01-01,out_of_stock,42
instamart,2025-01-01,quality_freshness,5
instamart,2025-01-01,refunds_returns,5
instamart,2025-02-01,app_payment_bugs,41
instamart,2025-02-01,customer_support,14
instamart,2025-02-01,fees_and_prices,73
instamart,2025-02-01,late_delivery,23
instamart,2025-02-01,missing_or_wrong_items,29
instamart,2025-02-01,no_complaint,29
instamart,2025-02-01,other,9
instamart,2025-02-01,out_of_stock,68
instamart,2025-02-01,quality_freshness,13
instamart,2025-02-01,refunds_returns,14
instamart,2025-03-01,app_payment_bugs,37
instamart,2025-03-01,customer_support,31
instamart,2025-03-01,fees_and_prices,151
instamart,2025-03-01,late_delivery,48
instamart,2025-03-01,missing_or_wrong_items,37
instamart,2025-03-01,no_complaint,49
instamart,2025-03-01,other,24
instamart,2025-03-01,out_of_stock,120
instamart,2025-03-01,quality_freshness,47
instamart,2025-03-01,refunds_returns,35
instamart,2025-04-01,app_payment_bugs,21
instamart,2025-04-01,customer_support,15
instamart,2025-04-01,fees_and_prices,65
instamart,2025-04-01,late_delivery,31
instamart,2025-04-01,missing_or_wrong_items,26
instamart,2025-04-01,no_complaint,29
instamart,2025-04-01,other,8
instamart,2025-04-01,out_of_stock,50
instamart,2025-04-01,quality_freshness,29
instamart,2025-04-01,refunds_returns,15
instamart,2025-05-01,app_payment_bugs,26
instamart,2025-05-01,customer_support,23
instamart,2025-05-01,fees_and_prices,66
instamart,2025-05-01,late_delivery,36
instamart,2025-05-01,missing_or_wrong_items,22
instamart,2025-05-01,no_complaint,38
instamart,2025-05-01,other,8
instamart,2025-05-01,out_of_stock,58
instamart,2025-05-01,quality_freshness,38
instamart,2025-05-01,refunds_returns,13
instamart,2025-06-01,app_payment_bugs,45
instamart,2025-06-01,customer_support,21
instamart,2025-06-01,fees_and_prices,89
instamart,2025-06-01,late_delivery,32
instamart,2025-06-01,missing_or_wrong_items,31
instamart,2025-06-01,no_complaint,31
instamart,2025-06-01,other,12
instamart,2025-06-01,out_of_stock,41
instamart,2025-06-01,quality_freshness,59
instamart,2025-06-01,refunds_returns,22
instamart,2025-07-01,app_payment_bugs,26
instamart,2025-07-01,customer_support,18
instamart,2025-07-01,fees_and_prices,85
instamart,2025-07-01,late_delivery,22
instamart,2025-07-01,missing_or_wrong_items,22
instamart,2025-07-01,no_complaint,26
instamart,2025-07-01,other,11
instamart,2025-07-01,out_of_stock,42
instamart,2025-07-01,quality_freshness,32
instamart,2025-07-01,refunds_returns,23
instamart,2025-08-01,app_payment_bugs,25
instamart,2025-08-01,customer_support,22
instamart,2025-08-01,fees_and_prices,74
instamart,2025-08-01,late_delivery,26
instamart,2025-08-01,missing_or_wrong_items,37
instamart,2025-08-01,no_complaint,36
instamart,2025-08-01,other,12
instamart,2025-08-01,out_of_stock,58
instamart,2025-08-01,quality_freshness,39
instamart,2025-08-01,refunds_returns,22
instamart,2025-09-01,app_payment_bugs,30
instamart,2025-09-01,customer_support,30
instamart,2025-09-01,fees_and_prices,71
instamart,2025-09-01,late_delivery,31
instamart,2025-09-01,missing_or_wrong_items,34
instamart,2025-09-01,no_complaint,33
instamart,2025-09-01,other,10
instamart,2025-09-01,out_of_stock,35
instamart,2025-09-01,quality_freshness,38
instamart,2025-09-01,refunds_returns,30
instamart,2025-10-01,app_payment_bugs,27
instamart,2025-10-01,customer_support,34
instamart,2025-10-01,fees_and_prices,86
instamart,2025-10-01,late_delivery,36
instamart,2025-10-01,missing_or_wrong_items,32
instamart,2025-10-01,no_complaint,36
instamart,2025-10-01,other,16
instamart,2025-10-01,out_of_stock,47
instamart,2025-10-01,quality_freshness,36
instamart,2025-10-01,refunds_returns,38
instamart,2025-11-01,app_payment_bugs,25
instamart,2025-11-01,customer_support,17
instamart,2025-11-01,fees_and_prices,75
instamart,2025-11-01,late_delivery,38
instamart,2025-11-01,missing_or_wrong_items,28
instamart,2025-11-01,no_complaint,28
instamart,2025-11-01,other,16
instamart,2025-11-01,out_of_stock,36
instamart,2025-11-01,quality_freshness,23
instamart,2025-11-01,refunds_returns,27
instamart,2025-12-01,app_payment_bugs,27
instamart,2025-12-01,customer_support,21
instamart,2025-12-01,fees_and_prices,63
instamart,2025-12-01,late_delivery,36
instamart,2025-12-01,missing_or_wrong_items,28
instamart,2025-12-01,no_complaint,28
instamart,2025-12-01,other,18
instamart,2025-12-01,out_of_stock,25
instamart,2025-12-01,quality_freshness,22
instamart,2025-12-01,refunds_returns,31
instamart,2026-01-01,app_payment_bugs,34
instamart,2026-01-01,customer_support,17
instamart,2026-01-01,fees_and_prices,73
instamart,2026-01-01,late_delivery,30
instamart,2026-01-01,missing_or_wrong_items,16
instamart,2026-01-01,no_complaint,28
instamart,2026-01-01,other,18
instamart,2026-01-01,out_of_stock,29
instamart,2026-01-01,quality_freshness,30
instamart,2026-01-01,refunds_returns,27
instamart,2026-02-01,app_payment_bugs,34
instamart,2026-02-01,customer_support,18
instamart,2026-02-01,fees_and_prices,91
instamart,2026-02-01,late_delivery,24
instamart,2026-02-01,missing_or_wrong_items,38
instamart,2026-02-01,no_complaint,27
instamart,2026-02-01,other,15
instamart,2026-02-01,out_of_stock,23
instamart,2026-02-01,quality_freshness,29
instamart,2026-02-01,refunds_returns,21
instamart,2026-03-01,app_payment_bugs,36
instamart,2026-03-01,customer_support,31
instamart,2026-03-01,fees_and_prices,83
instamart,2026-03-01,late_delivery,30
instamart,2026-03-01,missing_or_wrong_items,38
instamart,2026-03-01,no_complaint,44
instamart,2026-03-01,other,17
instamart,2026-03-01,out_of_stock,40
instamart,2026-03-01,quality_freshness,36
instamart,2026-03-01,refunds_returns,23
instamart,2026-04-01,app_payment_bugs,34
instamart,2026-04-01,customer_support,24
instamart,2026-04-01,fees_and_prices,89
instamart,2026-04-01,late_delivery,21
instamart,2026-04-01,missing_or_wrong_items,35
instamart,2026-04-01,no_complaint,30
instamart,2026-04-01,other,10
instamart,2026-04-01,out_of_stock,28
instamart,2026-04-01,quality_freshness,29
instamart,2026-04-01,refunds_returns,30
instamart,2026-05-01,app_payment_bugs,33
instamart,2026-05-01,customer_support,17
instamart,2026-05-01,fees_and_prices,99
instamart,2026-05-01,late_delivery,21
instamart,2026-05-01,missing_or_wrong_items,44
instamart,2026-05-01,no_complaint,21
instamart,2026-05-01,other,14
instamart,2026-05-01,out_of_stock,36
instamart,2026-05-01,quality_freshness,46
instamart,2026-05-01,refunds_returns,23
instamart,2026-06-01,app_payment_bugs,25
instamart,2026-06-01,customer_support,32
instamart,2026-06-01,fees_and_prices,103
instamart,2026-06-01,late_delivery,20
instamart,2026-06-01,missing_or_wrong_items,35
instamart,2026-06-01,no_complaint,28
instamart,2026-06-01,other,8
instamart,2026-06-01,out_of_stock,16
instamart,2026-06-01,quality_freshness,32
instamart,2026-06-01,refunds_returns,17
instamart,2026-07-01,app_payment_bugs,33
instamart,2026-07-01,customer_support,29
instamart,2026-07-01,fees_and_prices,91
instamart,2026-07-01,late_delivery,19
instamart,2026-07-01,missing_or_wrong_items,43
instamart,2026-07-01,no_complaint,22
instamart,2026-07-01,other,11
instamart,2026-07-01,out_of_stock,18
instamart,2026-07-01,quality_freshness,28
instamart,2026-07-01,refunds_returns,32
instamart,2026-08-01,app_payment_bugs,32
instamart,2026-08-01,customer_support,21
instamart,2026-08-01,fees_and_prices,86
instamart,2026-08-01,late_delivery,24
instamart,2026-08-01,missing_or_wrong_items,48
instamart,2026-08-01,no_complaint,31
instamart,2026-08-01,other,10
instamart,2026-08-01,out_of_stock,21
instamart,2026-08-01,quality_freshness,47
instamart,2026-08-01,refunds_returns,35
instamart,2026-09-01,app_payment_bugs,29
instamart,2026-09-01,customer_support,24
instamart,2026-09-01,fees_and_prices,84
instamart,2026-09-01,late_delivery,16
instamart,2026-09-01,missing_or_wrong_items,34
instamart,2026-09-01,no_complaint,22
instamart,2026-09-01,other,10
instamart,2026-09-01,out_of_stock,11
instamart,2026-09-01,quality_freshness,52
instamart,2026-09-01,refunds_returns,37
zepto,2025-01-01,app_payment_bugs,26
zepto,2025-01-01,customer_support,12
zepto,2025-01-01,fees_and_prices,320
zepto,2025-01-01,late_delivery,9
zepto,2025-01-01,missing_or_wrong_items,13
zepto,2025-01-01,no_complaint,22
zepto,2025-01-01,other,8
zepto,2025-01-01,out_of_stock,20
zepto,2025-01-01,quality_freshness,11
zepto,2025-01-01,refunds_returns,8
zepto,2025-02-01,app_payment_bugs,14
zepto,2025-02-01,customer_support,13
zepto,2025-02-01,fees_and_prices,168
zepto,2025-02-01,late_delivery,8
zepto,2025-02-01,missing_or_wrong_items,5
zepto,2025-02-01,no_complaint,9
zepto,2025-02-01,other,5
zepto,2025-02-01,out_of_stock,16
zepto,2025-02-01,quality_freshness,6
zepto,2025-02-01,refunds_returns,5
zepto,2025-03-01,app_payment_bugs,21
zepto,2025-03-01,customer_support,12
zepto,2025-03-01,fees_and_prices,193
zepto,2025-03-01,late_delivery,5
zepto,2025-03-01,missing_or_wrong_items,20
zepto,2025-03-01,no_complaint,10
zepto,2025-03-01,other,7
zepto,2025-03-01,out_of_stock,13
zepto,2025-03-01,quality_freshness,14
zepto,2025-03-01,refunds_returns,7
zepto,2025-04-01,app_payment_bugs,9
zepto,2025-04-01,customer_support,19
zepto,2025-04-01,fees_and_prices,119
zepto,2025-04-01,late_delivery,19
zepto,2025-04-01,missing_or_wrong_items,13
zepto,2025-04-01,no_complaint,13
zepto,2025-04-01,other,8
zepto,2025-04-01,out_of_stock,20
zepto,2025-04-01,quality_freshness,15
zepto,2025-04-01,refunds_returns,9
zepto,2025-05-01,app_payment_bugs,21
zepto,2025-05-01,customer_support,22
zepto,2025-05-01,fees_and_prices,245
zepto,2025-05-01,late_delivery,10
zepto,2025-05-01,missing_or_wrong_items,18
zepto,2025-05-01,no_complaint,16
zepto,2025-05-01,other,7
zepto,2025-05-01,out_of_stock,10
zepto,2025-05-01,quality_freshness,21
zepto,2025-05-01,refunds_returns,7
zepto,2025-06-01,app_payment_bugs,15
zepto,2025-06-01,customer_support,16
zepto,2025-06-01,fees_and_prices,225
zepto,2025-06-01,late_delivery,16
zepto,2025-06-01,missing_or_wrong_items,18
zepto,2025-06-01,no_complaint,42
zepto,2025-06-01,other,4
zepto,2025-06-01,out_of_stock,4
zepto,2025-06-01,quality_freshness,33
zepto,2025-06-01,refunds_returns,6
zepto,2025-07-01,app_payment_bugs,36
zepto,2025-07-01,customer_support,22
zepto,2025-07-01,fees_and_prices,240
zepto,2025-07-01,late_delivery,16
zepto,2025-07-01,missing_or_wrong_items,28
zepto,2025-07-01,no_complaint,25
zepto,2025-07-01,other,19
zepto,2025-07-01,out_of_stock,23
zepto,2025-07-01,quality_freshness,40
zepto,2025-07-01,refunds_returns,14
zepto,2025-08-01,app_payment_bugs,27
zepto,2025-08-01,customer_support,17
zepto,2025-08-01,fees_and_prices,119
zepto,2025-08-01,late_delivery,23
zepto,2025-08-01,missing_or_wrong_items,24
zepto,2025-08-01,no_complaint,27
zepto,2025-08-01,other,12
zepto,2025-08-01,out_of_stock,18
zepto,2025-08-01,quality_freshness,21
zepto,2025-08-01,refunds_returns,11
zepto,2025-09-01,app_payment_bugs,20
zepto,2025-09-01,customer_support,18
zepto,2025-09-01,fees_and_prices,103
zepto,2025-09-01,late_delivery,13
zepto,2025-09-01,missing_or_wrong_items,10
zepto,2025-09-01,no_complaint,17
zepto,2025-09-01,other,15
zepto,2025-09-01,out_of_stock,10
zepto,2025-09-01,quality_freshness,25
zepto,2025-09-01,refunds_returns,7
zepto,2025-10-01,app_payment_bugs,45
zepto,2025-10-01,customer_support,35
zepto,2025-10-01,fees_and_prices,181
zepto,2025-10-01,late_delivery,40
zepto,2025-10-01,missing_or_wrong_items,35
zepto,2025-10-01,no_complaint,37
zepto,2025-10-01,other,37
zepto,2025-10-01,out_of_stock,22
zepto,2025-10-01,quality_freshness,47
zepto,2025-10-01,refunds_returns,24
zepto,2025-11-01,app_payment_bugs,25
zepto,2025-11-01,customer_support,27
zepto,2025-11-01,fees_and_prices,17
zepto,2025-11-01,late_delivery,30
zepto,2025-11-01,missing_or_wrong_items,8
zepto,2025-11-01,no_complaint,16
zepto,2025-11-01,other,14
zepto,2025-11-01,out_of_stock,23
zepto,2025-11-01,quality_freshness,37
zepto,2025-11-01,refunds_returns,32
zepto,2025-12-01,app_payment_bugs,29
zepto,2025-12-01,customer_support,46
zepto,2025-12-01,fees_and_prices,12
zepto,2025-12-01,late_delivery,35
zepto,2025-12-01,missing_or_wrong_items,33
zepto,2025-12-01,no_complaint,18
zepto,2025-12-01,other,15
zepto,2025-12-01,out_of_stock,21
zepto,2025-12-01,quality_freshness,26
zepto,2025-12-01,refunds_returns,33
zepto,2026-01-01,app_payment_bugs,32
zepto,2026-01-01,customer_support,56
zepto,2026-01-01,fees_and_prices,18
zepto,2026-01-01,late_delivery,36
zepto,2026-01-01,missing_or_wrong_items,33
zepto,2026-01-01,no_complaint,22
zepto,2026-01-01,other,14
zepto,2026-01-01,out_of_stock,9
zepto,2026-01-01,quality_freshness,50
zepto,2026-01-01,refunds_returns,45
zepto,2026-02-01,app_payment_bugs,26
zepto,2026-02-01,customer_support,48
zepto,2026-02-01,fees_and_prices,15
zepto,2026-02-01,late_delivery,56
zepto,2026-02-01,missing_or_wrong_items,47
zepto,2026-02-01,no_complaint,15
zepto,2026-02-01,other,16
zepto,2026-02-01,out_of_stock,15
zepto,2026-02-01,quality_freshness,52
zepto,2026-02-01,refunds_returns,26
zepto,2026-03-01,app_payment_bugs,34
zepto,2026-03-01,customer_support,50
zepto,2026-03-01,fees_and_prices,23
zepto,2026-03-01,late_delivery,60
zepto,2026-03-01,missing_or_wrong_items,42
zepto,2026-03-01,no_complaint,34
zepto,2026-03-01,other,18
zepto,2026-03-01,out_of_stock,21
zepto,2026-03-01,quality_freshness,58
zepto,2026-03-01,refunds_returns,29
zepto,2026-04-01,app_payment_bugs,20
zepto,2026-04-01,customer_support,40
zepto,2026-04-01,fees_and_prices,17
zepto,2026-04-01,late_delivery,56
zepto,2026-04-01,missing_or_wrong_items,42
zepto,2026-04-01,no_complaint,14
zepto,2026-04-01,other,12
zepto,2026-04-01,out_of_stock,13
zepto,2026-04-01,quality_freshness,80
zepto,2026-04-01,refunds_returns,19
zepto,2026-05-01,app_payment_bugs,32
zepto,2026-05-01,customer_support,59
zepto,2026-05-01,fees_and_prices,12
zepto,2026-05-01,late_delivery,64
zepto,2026-05-01,missing_or_wrong_items,40
zepto,2026-05-01,no_complaint,17
zepto,2026-05-01,other,15
zepto,2026-05-01,out_of_stock,8
zepto,2026-05-01,quality_freshness,82
zepto,2026-05-01,refunds_returns,35
zepto,2026-06-01,app_payment_bugs,31
zepto,2026-06-01,customer_support,42
zepto,2026-06-01,fees_and_prices,25
zepto,2026-06-01,late_delivery,51
zepto,2026-06-01,missing_or_wrong_items,27
zepto,2026-06-01,no_complaint,22
zepto,2026-06-01,other,24
zepto,2026-06-01,out_of_stock,10
zepto,2026-06-01,quality_freshness,62
zepto,2026-06-01,refunds_returns,29
zepto,2026-07-01,app_payment_bugs,38
zepto,2026-07-01,customer_support,49
zepto,2026-07-01,fees_and_prices,32
zepto,2026-07-01,late_delivery,36
zepto,2026-07-01,missing_or_wrong_items,46
zepto,2026-07-01,no_complaint,14
zepto,2026-07-01,other,18
zepto,2026-07-01,out_of_stock,15
zepto,2026-07-01,quality_freshness,67
zepto,2026-07-01,refunds_returns,31
zepto,2026-08-01,app_payment_bugs,21
zepto,2026-08-01,customer_support,52
zepto,2026-08-01,fees_and_prices,28
zepto,2026-08-01,late_delivery,26
zepto,2026-08-01,missing_or_wrong_items,57
zepto,2026-08-01,no_complaint,26
zepto,2026-08-01,other,14
zepto,2026-08-01,out_of_stock,10
zepto,2026-08-01,quality_freshness,81
zepto,2026-08-01,refunds_returns,42
zepto,2026-09-01,app_payment_bugs,19
zepto,2026-09-01,customer_support,41
zepto,2026-09-01,fees_and_prices,26
zepto,2026-09-01,late_delivery,20
zepto,2026-09-01,missing_or_wrong_items,47
zepto,2026-09-01,no_complaint,20
zepto,2026-09-01,other,18
zepto,2026-09-01,out_of_stock,8
zepto,2026-09-01,quality_freshness,63
zepto,2026-09-01,refunds_returns,35
