driver,app,quarter,quote
app_payment_bugs,instamart,2026Q3,keeps crashing after a order is placed and tried to track that order.
app_payment_bugs,instamart,2026Q3,cash on delivery kyo nahi he please option do
customer_support,instamart,2026Q3,whery varst appa comstember not resbsivel fake app
customer_support,zepto,2026Q3,"don't order from zepto worst quality no response no customer care no., no live chat nothing"
fees_and_prices,blinkit,2026Q3,Why rain surge charge if there is no rain
fees_and_prices,instamart,2026Q3,Collecting handling fee rs 12/- delivery partner fee rs 16/- without items only fees rs 28/- on every purchase
late_delivery,zepto,2026Q3,"worst service I ever experienced, the say 10 minutes bueven can't deliver it in 30 minutes"
late_delivery,zepto,2026Q3,service to late n slow no options for cancel
missing_or_wrong_items,blinkit,2026Q3,very poor sarvice Rong items 2-3 time company not responsibility
missing_or_wrong_items,blinkit,2026Q3,fraud company not provide products and show delivered totaly fraud. don't trust ob blinkit.
no_complaint,blinkit,2026Q3,mera order first tim h pahuch jayga to khusi hogi
no_complaint,zepto,2026Q3,app logo is worst try some minimal design
other,instamart,2026Q3,kindly do not overload the paper bags when delivering through delivery person as most of the times the bag comes torn and items fall apart
other,zepto,2026Q3,third class app without my knowledge they cancel my oder
out_of_stock,instamart,2026Q3,ghatiya app download karte hi unserviceable ho gyaa bekar app download karne ke 10 min baad hi delete kar diya app
out_of_stock,instamart,2026Q3,not available service at my location in hyderabad
quality_freshness,zepto,2026Q3,very bad service.. used product bhejte hai humesha..
quality_freshness,zepto,2026Q3,sending all damaged and swellen and rotten products and not refunding for that items worst customer support behaviour
refunds_returns,blinkit,2026Q3,Flipkart minutes is better then blinkit worst service ever they have many issues is returned order so don't use blinkit
refunds_returns,blinkit,2026Q3,not a good app as they didn't refund my amount also disabled cod
