app,month,n,p,d,nps,moe
blinkit,2025-01-01,15119,0.7325,0.1753,55.72,1.23
blinkit,2025-02-01,13845,0.7109,0.1961,51.48,1.33
blinkit,2025-03-01,16448,0.7188,0.1856,53.32,1.2
blinkit,2025-04-01,16509,0.7174,0.1856,53.18,1.2
blinkit,2025-05-01,18186,0.6348,0.2793,35.55,1.29
blinkit,2025-06-01,22560,0.7191,0.1797,53.93,1.02
blinkit,2025-07-01,38965,0.7035,0.2025,50.1,0.8
blinkit,2025-08-01,41240,0.6809,0.2215,45.94,0.8
blinkit,2025-09-01,46205,0.6797,0.2081,47.16,0.74
blinkit,2025-10-01,41793,0.656,0.2362,41.98,0.81
blinkit,2025-11-01,31564,0.674,0.22,45.4,0.91
blinkit,2025-12-01,30850,0.6863,0.2083,47.8,0.91
blinkit,2026-01-01,34257,0.694,0.2008,49.32,0.85
blinkit,2026-02-01,34985,0.6786,0.2137,46.49,0.86
blinkit,2026-03-01,42101,0.6627,0.2317,43.1,0.8
blinkit,2026-04-01,32553,0.6505,0.247,40.36,0.93
blinkit,2026-05-01,45548,0.654,0.2375,41.66,0.78
blinkit,2026-06-01,43506,0.6675,0.2236,44.4,0.78
blinkit,2026-07-01,43786,0.6749,0.2156,45.94,0.77
blinkit,2026-08-01,43899,0.6634,0.228,43.54,0.78
blinkit,2026-09-01,41509,0.666,0.228,43.81,0.81
instamart,2025-01-01,903,0.6788,0.2458,43.3,5.6
instamart,2025-02-01,3192,0.6892,0.2184,47.09,2.87
instamart,2025-03-01,5087,0.6658,0.2371,42.87,2.33
instamart,2025-04-01,4006,0.6518,0.2471,40.46,2.66
instamart,2025-05-01,5223,0.667,0.2269,44.02,2.27
instamart,2025-06-01,6345,0.6824,0.2112,47.12,2.02
instamart,2025-07-01,6375,0.6921,0.2041,48.8,1.99
instamart,2025-08-01,6018,0.6555,0.2326,42.29,2.13
instamart,2025-09-01,6115,0.6664,0.2404,42.6,2.13
instamart,2025-10-01,6810,0.668,0.2302,43.77,2.0
instamart,2025-11-01,7370,0.6974,0.194,50.34,1.82
instamart,2025-12-01,6515,0.6929,0.1952,49.76,1.94
instamart,2026-01-01,7355,0.709,0.1804,52.86,1.78
instamart,2026-02-01,6661,0.6745,0.215,45.95,1.98
instamart,2026-03-01,6950,0.6653,0.2285,43.68,1.97
instamart,2026-04-01,5012,0.6185,0.2793,33.92,2.45
instamart,2026-05-01,5708,0.6239,0.27,35.39,2.27
instamart,2026-06-01,6301,0.6605,0.2304,43.01,2.07
instamart,2026-07-01,7315,0.6749,0.2174,45.76,1.89
instamart,2026-08-01,7138,0.6614,0.2372,42.42,1.97
instamart,2026-09-01,6859,0.6616,0.2312,43.04,1.99
zepto,2025-01-01,43705,0.5835,0.372,21.15,0.89
zepto,2025-02-01,33171,0.6832,0.26,42.32,0.94
zepto,2025-03-01,27814,0.5911,0.3529,23.82,1.11
zepto,2025-04-01,19053,0.5939,0.3536,24.03,1.34
zepto,2025-05-01,22687,0.5014,0.4508,5.06,1.27
zepto,2025-06-01,18315,0.3565,0.6078,-25.13,1.37
zepto,2025-07-01,15931,0.5364,0.4118,12.46,1.5
zepto,2025-08-01,12084,0.5798,0.3606,21.91,1.68
zepto,2025-09-01,11747,0.6191,0.3243,29.48,1.67
zepto,2025-10-01,14068,0.6661,0.2772,38.9,1.47
zepto,2025-11-01,5781,0.5949,0.3477,24.72,2.42
zepto,2025-12-01,6631,0.6257,0.3132,31.25,2.21
zepto,2026-01-01,6426,0.5867,0.3606,22.61,2.31
zepto,2026-02-01,6324,0.5425,0.407,13.55,2.38
zepto,2026-03-01,7454,0.5404,0.4089,13.15,2.19
zepto,2026-04-01,6119,0.4138,0.5499,-13.61,2.44
zepto,2026-05-01,7720,0.4569,0.4948,-3.8,2.17
zepto,2026-06-01,7770,0.5421,0.4006,14.14,2.14
zepto,2026-07-01,7483,0.5333,0.4164,11.69,2.19
zepto,2026-08-01,7560,0.5292,0.4255,10.37,2.19
zepto,2026-09-01,6417,0.5144,0.4396,7.48,2.38
