app,period,n,n_promoters,n_detractors,p,d,nps,moe
blinkit,2025-01-01,45412,32739.0,7364.0,0.7209,0.1622,55.88,0.69
blinkit,2025-04-01,57255,39609.0,10743.0,0.6918,0.1876,50.42,0.65
blinkit,2025-07-01,126410,86899.0,22652.0,0.6874,0.1792,50.82,0.43
blinkit,2025-10-01,104207,69862.0,18870.0,0.6704,0.1811,48.93,0.48
blinkit,2026-01-01,111343,75417.0,19565.0,0.6773,0.1757,50.16,0.46
blinkit,2026-04-01,121607,80009.0,23350.0,0.6579,0.192,46.59,0.45
blinkit,2026-07-01,129194,86323.0,23368.0,0.6682,0.1809,48.73,0.43
instamart,2025-01-01,9182,6200.0,1724.0,0.6752,0.1878,48.75,1.62
instamart,2025-04-01,15574,10425.0,2895.0,0.6694,0.1859,48.35,1.24
instamart,2025-07-01,18508,12432.0,3359.0,0.6717,0.1815,49.02,1.13
instamart,2025-10-01,20695,14203.0,3403.0,0.6863,0.1644,52.19,1.04
instamart,2026-01-01,20966,14332.0,3474.0,0.6836,0.1657,51.79,1.03
instamart,2026-04-01,17021,10823.0,3670.0,0.6359,0.2156,42.02,1.23
instamart,2026-07-01,21312,14196.0,3989.0,0.6661,0.1872,47.89,1.06
zepto,2025-01-01,104690,64606.0,32856.0,0.6171,0.3138,30.33,0.55
zepto,2025-04-01,60055,29222.0,26841.0,0.4866,0.4469,3.96,0.77
zepto,2025-07-01,39762,22823.0,13871.0,0.574,0.3489,22.51,0.92
zepto,2025-10-01,26480,16959.0,7451.0,0.6404,0.2814,35.91,1.07
zepto,2026-01-01,20204,11229.0,7497.0,0.5558,0.3711,18.47,1.3
zepto,2026-04-01,21609,10271.0,9852.0,0.4753,0.4559,1.94,1.29
zepto,2026-07-01,21460,11293.0,8703.0,0.5262,0.4055,12.07,1.28
